{
    "Lat": 59.55644,
    "Lng": 42.69510
}